Workbook

Sheet Posts
A1: PostID | B1: Platform | C1: Date | D1: ContentType | E1: Hashtags | F1: Separate Hashtag | G1: Likes | H1: Shares | I1: Comments | J1: Clicks | K1: Reach | L1: Impressions | M1: Engagement Rate | N1: Total Engagement | O1: Post Interaction Rate | P1: Campaign
A2: A1 | B2: YouTube | C2: 2024-12-23 | D2: Image | E2: #AppleWatchUltra2 #HealthTech | F2: AppleWatchUltra2 HealthTech | G2: 24516 | H2: 976 | I2: 974 | J2: 2675 | K2: 23275 | L2: 202932 | M2: 25492.005 | N2: 29141 | O2: 14.359983 | P2: Apple Watch Ultra 2 Launch | FH2: AppleWatchUltra2 | FI2: HealthTech
A3: A2 | B3: LinkedIn | C3: 45903 | D3: Image | E3: #MacBookAirM3 #AppleInnovation | F3: MacBookAirM3 AppleInnovation | G3: 4779 | H3: 1110 | I3: 436 | J3: 1574 | K3: 77167 | L3: 71585 | M3: 5889.0061 | N3: 7899 | O3: 11.034435 | P3: Apple Event September 2025
A4: A3 | B4: Instagram | C4: 2025-05-12 | D4: Tweet | E4: #AppleDesign #Innovation | F4: AppleDesign Innovation | G4: 19308 | H4: 1318 | I4: 795 | J4: 1499 | K4: 52307 | L4: 193087 | M4: 20626.004 | N4: 22920 | O4: 11.870297 | P4: Sustainability Awareness Drive
A5: A4 | B5: YouTube | C5: 2024-08-12 | D5: Video | E5: #AppleEvent #iPadPro | F5: AppleEvent iPadPro | G5: 3581 | H5: 517 | I5: 880 | J5: 1925 | K5: 18636 | L5: 248611 | M5: 4098.0035 | N5: 6903 | O5: 2.7766269 | P5: iPhone 16 Launch
A6: A5 | B6: YouTube | C6: 45904 | D6: Video | E6: #AppleWatchUltra2 #HealthTech | F6: AppleWatchUltra2 HealthTech | G6: 21708 | H6: 435 | I6: 317 | J6: 1213 | K6: 70701 | L6: 83585 | M6: 22143.004 | N6: 23673 | O6: 28.322067 | P6: Apple Event September 2025
A7: A6 | B7: LinkedIn | C7: 45905 | D7: Image | E7: #ShotOniPhone | F7: ShotOniPhone | G7: 14677 | H7: 533 | I7: 759 | J7: 753 | K7: 23275 | L7: 66958 | M7: 15210.011 | N7: 16722 | O7: 24.973864 | P7: Apple Event September 2025
A8: A7 | B8: Instagram | C8: 2024-06-24 | D8: Carousel | E8: #AppleMusic #AppleLifestyle | F8: AppleMusic AppleLifestyle | G8: 7713 | H8: 575 | I8: 417 | J8: 336 | K8: 61660 | L8: 66017 | M8: 8288.0063 | N8: 9041 | O8: 13.694957 | P8: iPhone 16 Launch
A9: A8 | B9: Instagram | C9: 2024-07-13 | D9: Video | E9: #AppleWatch #Health | F9: AppleWatch Health | G9: 18639 | H9: 1360 | I9: 898 | J9: 2011 | K9: 42841 | L9: 247779 | M9: 19999.004 | N9: 22908 | O9: 9.2453356 | P9: iPhone 16 Launch
A10: A9 | B10: YouTube | C10: 2024-08-30 | D10: Carousel | E10: #MacBookAirM3 #AppleInnovation | F10: MacBookAirM3 AppleInnovation | G10: 6804 | H10: 787 | I10: 970 | J10: 1095 | K10: 56343 | L10: 164677 | M10: 7591.0059 | N10: 9656 | O10: 5.8635997 | P10: Apple Watch Ultra 2 Launch
A11: A10 | B11: Twitter | C11: 2025-03-11 | D11: Video | E11: #iPhone16Launch #AppleEvent | F11: iPhone16Launch AppleEvent | G11: 20222 | H11: 712 | I11: 604 | J11: 1272 | K11: 71598 | L11: 216422 | M11: 20934.003 | N11: 22810 | O11: 10.539594 | P11: Sustainability Awareness Drive
A12: A11 | B12: YouTube | C12: 2025-02-02 | D12: Carousel | E12: #AppleEvent #iPadPro | F12: AppleEvent iPadPro | G12: 12136 | H12: 1117 | I12: 834 | J12: 892 | K12: 24675 | L12: 183273 | M12: 13253.005 | N12: 14979 | O12: 8.1730533 | P12: Sustainability Awareness Drive
A13: A12 | B13: YouTube | C13: 2024-07-21 | D13: Tweet | E13: #MacBookAirM3 #AppleInnovation | F13: MacBookAirM3 AppleInnovation | G13: 2009 | H13: 1072 | I13: 550 | J13: 1437 | K13: 22982 | L13: 69426 | M13: 3081.0079 | N13: 5068 | O13: 7.2998588 | P13: iPhone 16 Launch
A14: A13 | B14: YouTube | C14: 2024-11-18 | D14: Carousel | E14: #AppleMusic #AppleLifestyle | F14: AppleMusic AppleLifestyle | G14: 21255 | H14: 1452 | I14: 625 | J14: 1624 | K14: 21282 | L14: 57778 | M14: 22707.011 | N14: 24956 | O14: 43.192911 | P14: MacBook Air M3 Campaign
A15: A14 | B15: YouTube | C15: 45906 | D15: Tweet | E15: #AppleWatch #Health | F15: AppleWatch Health | G15: 7124 | H15: 469 | I15: 851 | J15: 2571 | K15: 33802 | L15: 216313 | M15: 7593.0039 | N15: 11015 | O15: 5.0921581 | P15: Apple Event September 2025
A16: A15 | B16: LinkedIn | C16: 45907 | D16: Tweet | E16: #AppleDesign #Innovation | F16: AppleDesign Innovation | G16: 3015 | H16: 997 | I16: 783 | J16: 617 | K16: 77167 | L16: 82229 | M16: 4012.0095 | N16: 5412 | O16: 6.5816196 | P16: Apple Event September 2025
A17: A16 | B17: Instagram | C17: 2024-08-26 | D17: Carousel | E17: #AppleWatch #Health | F17: AppleWatch Health | G17: 4193 | H17: 924 | I17: 707 | J17: 2696 | K17: 55075 | L17: 126652 | M17: 5117.0056 | N17: 8520 | O17: 6.7270947 | P17: iPhone 16 Launch
A18: A17 | B18: LinkedIn | C18: 2025-05-05 | D18: Tweet | E18: #AppleEvent #iPhone16 | F18: AppleEvent iPhone16 | G18: 10415 | H18: 1388 | I18: 725 | J18: 2462 | K18: 53082 | L18: 168267 | M18: 11803.004 | N18: 14990 | O18: 8.908461 | P18: MacBook Air M3 Campaign
A19: A18 | B19: LinkedIn | C19: 2024-08-19 | D19: Image | E19: #AppleWatch #Health | F19: AppleWatch Health | G19: 15550 | H19: 204 | I19: 279 | J19: 1646 | K19: 35819 | L19: 219436 | M19: 15754.001 | N19: 17679 | O19: 8.0565632 | P19: Apple Watch Ultra 2 Launch
A20: A19 | B20: LinkedIn | C20: 2024-06-23 | D20: Tweet | E20: #AppleEvent #iPhone16 | F20: AppleEvent iPhone16 | G20: 16512 | H20: 1050 | I20: 971 | J20: 1891 | K20: 15865 | L20: 166503 | M20: 17562.006 | N20: 20424 | O20: 12.266446 | P20: iPhone 16 Launch
A21: A20 | B21: YouTube | C21: 2024-09-09 | D21: Video | E21: #AppleDesign #Innovation | F21: AppleDesign Innovation | G21: 6158 | H21: 277 | I21: 512 | J21: 2189 | K21: 76881 | L21: 124878 | M21: 6435.0041 | N21: 9136 | O21: 7.3159404 | P21: iPhone 16 Launch
A22: A21 | B22: Twitter | C22: 45908 | D22: Carousel | E22: #iPhonePhotography #ShotOniPhone | F22: iPhonePhotography ShotOniPhone | G22: 22309 | H22: 773 | I22: 854 | J22: 2387 | K22: 72396 | L22: 97056 | M22: 23082.009 | N22: 26323 | O22: 27.121456 | P22: Apple Event September 2025
A23: A22 | B23: Instagram | C23: 2025-02-27 | D23: Image | E23: #AppleMusic #AppleLifestyle | F23: AppleMusic AppleLifestyle | G23: 8970 | H23: 331 | I23: 968 | J23: 2296 | K23: 24613 | L23: 198562 | M23: 9301.0049 | N23: 12565 | O23: 6.3279983 | P23: iPhone 16 Launch
A24: A23 | B24: Twitter | C24: 2024-11-06 | D24: Carousel | E24: #AppleEvent #iPhone16 | F24: AppleEvent iPhone16 | G24: 8938 | H24: 800 | I24: 842 | J24: 2072 | K24: 31736 | L24: 59975 | M24: 9738.014 | N24: 12652 | O24: 21.095456 | P24: iPhone 16 Launch
A25: A24 | B25: LinkedIn | C25: 2025-01-23 | D25: Video | E25: #iPhone16Launch #AppleEvent | F25: iPhone16Launch AppleEvent | G25: 23168 | H25: 1265 | I25: 441 | J25: 1612 | K25: 66615 | L25: 197795 | M25: 24433.002 | N25: 26486 | O25: 13.390632 | P25: iPhone 16 Launch
A26: A25 | B26: LinkedIn | C26: 45909 | D26: Video | E26: #AppleWatch #Health | F26: AppleWatch Health | G26: 15772 | H26: 288 | I26: 520 | J26: 1585 | K26: 59182 | L26: 194351 | M26: 16060.003 | N26: 18165 | O26: 9.3464917 | P26: Apple Event September 2025
A27: A26 | B27: Twitter | C27: 2025-04-05 | D27: Video | E27: #AppleWatch #Health | F27: AppleWatch Health | G27: 22384 | H27: 601 | I27: 943 | J27: 515 | K27: 41309 | L27: 249373 | M27: 22985.004 | N27: 24443 | O27: 9.8017829 | P27: Apple Watch Ultra 2 Launch
A28: A27 | B28: Twitter | C28: 2024-09-17 | D28: Tweet | E28: #iPhone16Launch #AppleEvent | F28: iPhone16Launch AppleEvent | G28: 20017 | H28: 495 | I28: 178 | J28: 2683 | K28: 32244 | L28: 182633 | M28: 20512.001 | N28: 23373 | O28: 12.797797 | P28: Apple Watch Ultra 2 Launch
A29: A28 | B29: Twitter | C29: 2025-03-04 | D29: Tweet | E29: #ShotOniPhone | F29: ShotOniPhone | G29: 12344 | H29: 815 | I29: 298 | J29: 2439 | K29: 6259 | L29: 237133 | M29: 13159.001 | N29: 15896 | O29: 6.7034112 | P29: iPhone 16 Launch
A30: A29 | B30: LinkedIn | C30: 45910 | D30: Carousel | E30: #MacBookProM3 | F30: MacBookProM3 | G30: 9266 | H30: 999 | I30: 928 | J30: 2700 | K30: 12264 | L30: 128397 | M30: 10265.007 | N30: 13893 | O30: 10.820346 | P30: Apple Event September 2025
A31: A30 | B31: LinkedIn | C31: 2025-02-25 | D31: Carousel | E31: #iPhonePhotography #ShotOniPhone | F31: iPhonePhotography ShotOniPhone | G31: 10702 | H31: 621 | I31: 445 | J31: 2918 | K31: 54808 | L31: 220225 | M31: 11323.002 | N31: 14686 | O31: 6.6686344 | P31: Apple Watch Ultra 2 Launch
A32: A31 | B32: Instagram | C32: 2024-12-16 | D32: Image | E32: #AppleEvent #iPadPro | F32: AppleEvent iPadPro | G32: 2384 | H32: 1246 | I32: 160 | J32: 2004 | K32: 2701 | L32: 73142 | M32: 3630.0022 | N32: 5794 | O32: 7.9215772 | P32: Apple Watch Ultra 2 Launch
A33: A32 | B33: Instagram | C33: 2024-07-31 | D33: Image | E33: #AppleEvent #iPhone16 | F33: AppleEvent iPhone16 | G33: 2404 | H33: 774 | I33: 661 | J33: 662 | K33: 12676 | L33: 66916 | M33: 3178.0099 | N33: 4501 | O33: 6.7263435 | P33: Apple Watch Ultra 2 Launch
A34: A33 | B34: LinkedIn | C34: 45911 | D34: Carousel | E34: #iPhone16Launch #AppleEvent | F34: iPhone16Launch AppleEvent | G34: 10175 | H34: 342 | I34: 825 | J34: 2904 | K34: 15954 | L34: 104324 | M34: 10517.008 | N34: 14246 | O34: 13.655535 | P34: Apple Event September 2025
A35: A34 | B35: Twitter | C35: 45912 | D35: Tweet | E35: #AppleDesign #Innovation | F35: AppleDesign Innovation | G35: 17158 | H35: 1192 | I35: 262 | J35: 2016 | K35: 28771 | L35: 216037 | M35: 18350.001 | N35: 20628 | O35: 9.5483644 | P35: Apple Event September 2025
A36: A35 | B36: Twitter | C36: 2024-11-30 | D36: Video | E36: #AppleEvent #iPhone16 | F36: AppleEvent iPhone16 | G36: 14763 | H36: 864 | I36: 336 | J36: 1493 | K36: 33310 | L36: 165932 | M36: 15627.002 | N36: 17456 | O36: 10.519972 | P36: iPhone 16 Launch
A37: A36 | B37: Instagram | C37: 2025-04-19 | D37: Carousel | E37: #MacBookProM3 | F37: MacBookProM3 | G37: 20384 | H37: 344 | I37: 956 | J37: 655 | K37: 67621 | L37: 175720 | M37: 20728.005 | N37: 22339 | O37: 12.712839 | P37: Sustainability Awareness Drive
A38: A37 | B38: LinkedIn | C38: 2025-01-06 | D38: Image | E38: #AppleDesign #Innovation | F38: AppleDesign Innovation | G38: 11860 | H38: 1448 | I38: 893 | J38: 490 | K38: 23518 | L38: 206205 | M38: 13308.004 | N38: 14691 | O38: 7.1244635 | P38: Apple Watch Ultra 2 Launch
A39: A38 | B39: Instagram | C39: 2025-02-17 | D39: Tweet | E39: #MacBookAirM3 #AppleInnovation | F39: MacBookAirM3 AppleInnovation | G39: 7989 | H39: 1206 | I39: 376 | J39: 2769 | K39: 27550 | L39: 221749 | M39: 9195.0017 | N39: 12340 | O39: 5.5648503 | P39: Sustainability Awareness Drive
A40: A39 | B40: Instagram | C40: 45913 | D40: Carousel | E40: #AppleMusic #AppleLifestyle | F40: AppleMusic AppleLifestyle | G40: 17106 | H40: 702 | I40: 459 | J40: 999 | K40: 59627 | L40: 136059 | M40: 17808.003 | N40: 19266 | O40: 14.160034 | P40: Apple Event September 2025
A41: A40 | B41: YouTube | C41: 45914 | D41: Carousel | E41: #AppleWatch #Health | F41: AppleWatch Health | G41: 19844 | H41: 1020 | I41: 247 | J41: 2354 | K41: 37792 | L41: 138317 | M41: 20864.002 | N41: 23465 | O41: 16.964654 | P41: Apple Event September 2025
A42: A41 | B42: YouTube | C42: 45915 | D42: Tweet | E42: #MacBookAirM3 #AppleInnovation | F42: MacBookAirM3 AppleInnovation | G42: 5636 | H42: 303 | I42: 204 | J42: 2480 | K42: 7377 | L42: 241207 | M42: 5939.0008 | N42: 8623 | O42: 3.5749377 | P42: Apple Event September 2025
A43: A42 | B43: YouTube | C43: 2025-03-05 | D43: Carousel | E43: #AppleEvent #iPhone16 | F43: AppleEvent iPhone16 | G43: 12916 | H43: 1262 | I43: 772 | J43: 856 | K43: 11496 | L43: 75046 | M43: 14178.01 | N43: 15806 | O43: 21.061749 | P43: Sustainability Awareness Drive
A44: A43 | B44: Twitter | C44: 45916 | D44: Tweet | E44: #MacBookProM3 | F44: MacBookProM3 | G44: 6809 | H44: 397 | I44: 813 | J44: 1125 | K44: 12206 | L44: 218136 | M44: 7206.0037 | N44: 9144 | O44: 4.1918803 | P44: Apple Event September 2025
A45: A44 | B45: LinkedIn | C45: 2025-03-02 | D45: Video | E45: #iPhonePhotography #ShotOniPhone | F45: iPhonePhotography ShotOniPhone | G45: 22562 | H45: 778 | I45: 907 | J45: 1354 | K45: 34475 | L45: 141459 | M45: 23340.006 | N45: 25601 | O45: 18.097823 | P45: iPhone 16 Launch
A46: A45 | B46: LinkedIn | C46: 45917 | D46: Tweet | E46: #AppleMusic #AppleLifestyle | F46: AppleMusic AppleLifestyle | G46: 15456 | H46: 590 | I46: 555 | J46: 2882 | K46: 49816 | L46: 240422 | M46: 16046.002 | N46: 19483 | O46: 8.1036677 | P46: Apple Event September 2025
A47: A46 | B47: LinkedIn | C47: 2025-05-02 | D47: Tweet | E47: #AppleEvent #iPhone16 | F47: AppleEvent iPhone16 | G47: 17444 | H47: 1402 | I47: 218 | J47: 725 | K47: 8710 | L47: 85893 | M47: 18846.003 | N47: 19789 | O47: 23.03913 | P47: MacBook Air M3 Campaign
A48: A47 | B48: LinkedIn | C48: 2025-02-24 | D48: Tweet | E48: #iPhone16Launch #AppleEvent | F48: iPhone16Launch AppleEvent | G48: 24984 | H48: 753 | I48: 461 | J48: 2710 | K48: 20792 | L48: 141520 | M48: 25737.003 | N48: 28908 | O48: 20.426795 | P48: Sustainability Awareness Drive
A49: A48 | B49: YouTube | C49: 2025-03-11 | D49: Carousel | E49: #AppleWatchUltra2 #HealthTech | F49: AppleWatchUltra2 HealthTech | G49: 7997 | H49: 1238 | I49: 438 | J49: 1874 | K49: 36272 | L49: 165818 | M49: 9235.0026 | N49: 11547 | O49: 6.963659 | P49: MacBook Air M3 Campaign
A50: A49 | B50: Twitter | C50: 45918 | D50: Carousel | E50: #AppleEvent #iPhone16 | F50: AppleEvent iPhone16 | G50: 4048 | H50: 677 | I50: 911 | J50: 2429 | K50: 27361 | L50: 101272 | M50: 4725.009 | N50: 8065 | O50: 7.9637017 | P50: Apple Event September 2025
A51: A50 | B51: Twitter | C51: 2024-07-03 | D51: Tweet | E51: #AppleMusic #AppleLifestyle | F51: AppleMusic AppleLifestyle | G51: 14338 | H51: 1454 | I51: 697 | J51: 2703 | K51: 21288 | L51: 107649 | M51: 15792.006 | N51: 19192 | O51: 17.828312 | P51: iPhone 16 Launch
A52: A51 | B52: YouTube | C52: 2024-06-13 | D52: Carousel | E52: #AppleWatch #Health | F52: AppleWatch Health | G52: 23164 | H52: 1122 | I52: 900 | J52: 888 | K52: 36938 | L52: 104674 | M52: 24286.009 | N52: 26074 | O52: 24.90972 | P52: Apple Watch Ultra 2 Launch
A53: A52 | B53: Twitter | C53: 45919 | D53: Image | E53: #AppleWatch #Health | F53: AppleWatch Health | G53: 19100 | H53: 619 | I53: 297 | J53: 2312 | K53: 9730 | L53: 184832 | M53: 19719.002 | N53: 22328 | O53: 12.080159 | P53: Apple Event September 2025
A54: A53 | B54: YouTube | C54: 2025-02-24 | D54: Image | E54: #AppleEvent #iPhone16 | F54: AppleEvent iPhone16 | G54: 23949 | H54: 356 | I54: 616 | J54: 1847 | K54: 3144 | L54: 192999 | M54: 24305.003 | N54: 26768 | O54: 13.869502 | P54: iPhone 16 Launch
A55: A54 | B55: LinkedIn | C55: 2025-03-13 | D55: Carousel | E55: #AppleDesign #Innovation | F55: AppleDesign Innovation | G55: 6544 | H55: 749 | I55: 888 | J55: 594 | K55: 18171 | L55: 126475 | M55: 7293.007 | N55: 8775 | O55: 6.9381301 | P55: Sustainability Awareness Drive
A56: A55 | B56: YouTube | C56: 2024-06-17 | D56: Carousel | E56: #AppleWatchUltra2 #HealthTech | F56: AppleWatchUltra2 HealthTech | G56: 6976 | H56: 1320 | I56: 393 | J56: 2285 | K56: 14049 | L56: 101367 | M56: 8296.0039 | N56: 10974 | O56: 10.826008 | P56: MacBook Air M3 Campaign
A57: A56 | B57: LinkedIn | C57: 2024-12-18 | D57: Tweet | E57: #iPhone16Launch #AppleEvent | F57: iPhone16Launch AppleEvent | G57: 14775 | H57: 1220 | I57: 640 | J57: 1547 | K57: 28527 | L57: 183660 | M57: 15995.003 | N57: 18182 | O57: 9.8998149 | P57: MacBook Air M3 Campaign
A58: A57 | B58: LinkedIn | C58: 2024-10-21 | D58: Video | E58: #AppleEvent #iPhone16 | F58: AppleEvent iPhone16 | G58: 12015 | H58: 1196 | I58: 998 | J58: 1848 | K58: 44739 | L58: 161750 | M58: 13211.006 | N58: 16057 | O58: 9.9270479 | P58: MacBook Air M3 Campaign
A59: A58 | B59: Instagram | C59: 2025-04-15 | D59: Carousel | E59: #AppleDesign #Innovation | F59: AppleDesign Innovation | G59: 5419 | H59: 1150 | I59: 656 | J59: 1990 | K59: 410 | L59: 158154 | M59: 6569.0041 | N59: 9215 | O59: 5.8265994 | P59: Sustainability Awareness Drive
A60: A59 | B60: YouTube | C60: 2024-06-22 | D60: Image | E60: #AppleWatch #Health | F60: AppleWatch Health | G60: 16430 | H60: 488 | I60: 514 | J60: 1436 | K60: 30059 | L60: 223305 | M60: 16918.002 | N60: 18868 | O60: 8.4494302 | P60: iPhone 16 Launch
A61: A60 | B61: Instagram | C61: 2025-01-28 | D61: Tweet | E61: #AppleWatch #Health | F61: AppleWatch Health | G61: 9239 | H61: 1477 | I61: 631 | J61: 1556 | K61: 11580 | L61: 84738 | M61: 10716.007 | N61: 12903 | O61: 15.226935 | P61: Sustainability Awareness Drive
A62: A61 | B62: YouTube | C62: 2024-09-05 | D62: Carousel | E62: #MacBookProM3 | F62: MacBookProM3 | G62: 16489 | H62: 395 | I62: 350 | J62: 2364 | K62: 43239 | L62: 73397 | M62: 16884.005 | N62: 19598 | O62: 26.701364 | P62: MacBook Air M3 Campaign
A63: A62 | B63: YouTube | C63: 45920 | D63: Image | E63: #AppleEvent #iPhone16 | F63: AppleEvent iPhone16 | G63: 18633 | H63: 797 | I63: 303 | J63: 659 | K63: 7 | L63: 122189 | M63: 19430.002 | N63: 20392 | O63: 16.6889 | P63: Apple Event September 2025
A64: A63 | B64: Instagram | C64: 2024-07-31 | D64: Image | E64: #AppleWatchUltra2 #HealthTech | F64: AppleWatchUltra2 HealthTech | G64: 12357 | H64: 716 | I64: 599 | J64: 999 | K64: 89591 | L64: 116367 | M64: 13073.005 | N64: 14671 | O64: 12.607526 | P64: Apple Watch Ultra 2 Launch
A65: A64 | B65: Instagram | C65: 2024-08-17 | D65: Video | E65: #ShotOniPhone | F65: ShotOniPhone | G65: 19154 | H65: 1064 | I65: 650 | J65: 747 | K65: 42667 | L65: 242332 | M65: 20218.003 | N65: 21615 | O65: 8.9195814 | P65: Sustainability Awareness Drive
A66: A65 | B66: YouTube | C66: 2025-03-28 | D66: Tweet | E66: #AppleWatchUltra2 #HealthTech | F66: AppleWatchUltra2 HealthTech | G66: 6363 | H66: 1341 | I66: 222 | J66: 2712 | K66: 19987 | L66: 160585 | M66: 7704.0014 | N66: 10638 | O66: 6.6245291 | P66: Sustainability Awareness Drive
A67: A66 | B67: Twitter | C67: 2024-07-26 | D67: Tweet | E67: #AppleWatch #Health | F67: AppleWatch Health | G67: 12176 | H67: 1005 | I67: 862 | J67: 974 | K67: 2285 | L67: 116619 | M67: 13181.007 | N67: 15017 | O67: 12.876975 | P67: iPhone 16 Launch
A68: A67 | B68: LinkedIn | C68: 2025-03-29 | D68: Video | E68: #AppleWatch #Health | F68: AppleWatch Health | G68: 19461 | H68: 1382 | I68: 445 | J68: 1307 | K68: 84691 | L68: 151453 | M68: 20843.003 | N68: 22595 | O68: 14.91882 | P68: iPhone 16 Launch
A69: A68 | B69: Instagram | C69: 2024-12-08 | D69: Video | E69: #MacBookAirM3 #AppleInnovation | F69: MacBookAirM3 AppleInnovation | G69: 10427 | H69: 1014 | I69: 166 | J69: 1649 | K69: 15145 | L69: 59816 | M69: 11441.003 | N69: 13256 | O69: 22.161295 | P69: Sustainability Awareness Drive
A70: A69 | B70: LinkedIn | C70: 2025-03-08 | D70: Tweet | E70: #AppleWatch #Health | F70: AppleWatch Health | G70: 10580 | H70: 427 | I70: 790 | J70: 2814 | K70: 24916 | L70: 213312 | M70: 11007.004 | N70: 14611 | O70: 6.8495912 | P70: MacBook Air M3 Campaign
A71: A70 | B71: Twitter | C71: 2025-04-02 | D71: Tweet | E71: #iPhone16Launch #AppleEvent | F71: iPhone16Launch AppleEvent | G71: 6858 | H71: 415 | I71: 366 | J71: 2761 | K71: 2988 | L71: 177348 | M71: 7273.0021 | N71: 10400 | O71: 5.8641766 | P71: Apple Watch Ultra 2 Launch
A72: A71 | B72: Twitter | C72: 2024-09-02 | D72: Carousel | E72: #AppleEvent #iPadPro | F72: AppleEvent iPadPro | G72: 12040 | H72: 1147 | I72: 210 | J72: 885 | K72: 30360 | L72: 119530 | M72: 13187.002 | N72: 14282 | O72: 11.948465 | P72: iPhone 16 Launch
A73: A72 | B73: Twitter | C73: 2025-03-03 | D73: Carousel | E73: #AppleEvent #iPhone16 | F73: AppleEvent iPhone16 | G73: 24928 | H73: 214 | I73: 765 | J73: 1556 | K73: 5239 | L73: 194571 | M73: 25142.004 | N73: 27463 | O73: 14.114642 | P73: MacBook Air M3 Campaign
A74: A73 | B74: Instagram | C74: 45921 | D74: Video | E74: #AppleWatchUltra2 #HealthTech | F74: AppleWatchUltra2 HealthTech | G74: 23103 | H74: 1380 | I74: 191 | J74: 1547 | K74: 77798 | L74: 148856 | M74: 24483.001 | N74: 26221 | O74: 17.61501 | P74: Apple Event September 2025
A75: A74 | B75: Twitter | C75: 2024-10-28 | D75: Carousel | E75: #AppleEvent #iPadPro | F75: AppleEvent iPadPro | G75: 21198 | H75: 1484 | I75: 174 | J75: 1293 | K75: 16330 | L75: 111635 | M75: 22682.002 | N75: 24149 | O75: 21.632105 | P75: iPhone 16 Launch
A76: A75 | B76: Instagram | C76: 2024-08-01 | D76: Image | E76: #AppleDesign #Innovation | F76: AppleDesign Innovation | G76: 21758 | H76: 1380 | I76: 188 | J76: 1735 | K76: 20998 | L76: 147803 | M76: 23138.001 | N76: 25061 | O76: 16.955677 | P76: MacBook Air M3 Campaign
A77: A76 | B77: Twitter | C77: 2024-11-07 | D77: Carousel | E77: #ShotOniPhone | F77: ShotOniPhone | G77: 17254 | H77: 246 | I77: 952 | J77: 871 | K77: 14957 | L77: 75946 | M77: 17500.013 | N77: 19323 | O77: 25.443078 | P77: MacBook Air M3 Campaign
A78: A77 | B78: LinkedIn | C78: 2025-03-04 | D78: Carousel | E78: #iPhone16Launch #AppleEvent | F78: iPhone16Launch AppleEvent | G78: 13470 | H78: 523 | I78: 280 | J78: 2682 | K78: 8538 | L78: 95204 | M78: 13993.003 | N78: 16955 | O78: 17.809126 | P78: Apple Watch Ultra 2 Launch
A79: A78 | B79: LinkedIn | C79: 2024-06-17 | D79: Image | E79: #AppleMusic #AppleLifestyle | F79: AppleMusic AppleLifestyle | G79: 3252 | H79: 1043 | I79: 647 | J79: 1545 | K79: 18859 | L79: 222958 | M79: 4295.0029 | N79: 6487 | O79: 2.9095166 | P79: Apple Watch Ultra 2 Launch
A80: A79 | B80: YouTube | C80: 45922 | D80: Video | E80: #Sustainability #AppleEarth | F80: Sustainability AppleEarth | G80: 8996 | H80: 329 | I80: 378 | J80: 2384 | K80: 39404 | L80: 242724 | M80: 9325.0016 | N80: 12087 | O80: 4.9797301 | P80: Apple Event September 2025
A81: A80 | B81: LinkedIn | C81: 2024-06-13 | D81: Image | E81: #AppleWatchUltra2 #HealthTech | F81: AppleWatchUltra2 HealthTech | G81: 14173 | H81: 294 | I81: 257 | J81: 1288 | K81: 39466 | L81: 55563 | M81: 14467.005 | N81: 16012 | O81: 28.817738 | P81: MacBook Air M3 Campaign
A82: A81 | B82: YouTube | C82: 2024-10-19 | D82: Carousel | E82: #AppleEvent #iPadPro | F82: AppleEvent iPadPro | G82: 6673 | H82: 826 | I82: 321 | J82: 577 | K82: 19262 | L82: 132324 | M82: 7499.0024 | N82: 8397 | O82: 6.3457876 | P82: MacBook Air M3 Campaign
A83: A82 | B83: LinkedIn | C83: 2024-07-24 | D83: Video | E83: #AppleMusic #AppleLifestyle | F83: AppleMusic AppleLifestyle | G83: 22914 | H83: 954 | I83: 584 | J83: 1519 | K83: 13637 | L83: 49847 | M83: 23868.012 | N83: 25971 | O83: 52.10143 | P83: Apple Watch Ultra 2 Launch
A84: A83 | B84: Instagram | C84: 2024-10-15 | D84: Carousel | E84: #ShotOniPhone | F84: ShotOniPhone | G84: 17781 | H84: 993 | I84: 627 | J84: 2187 | K84: 9609 | L84: 66155 | M84: 18774.009 | N84: 21588 | O84: 32.632454 | P84: iPhone 16 Launch
A85: A84 | B85: LinkedIn | C85: 2024-12-09 | D85: Image | E85: #MacBookAirM3 #AppleInnovation | F85: MacBookAirM3 AppleInnovation | G85: 15051 | H85: 268 | I85: 251 | J85: 783 | K85: 34154 | L85: 119671 | M85: 15319.002 | N85: 16353 | O85: 13.664965 | P85: iPhone 16 Launch
A86: A85 | B86: YouTube | C86: 2025-04-19 | D86: Image | E86: #AppleMusic #AppleLifestyle | F86: AppleMusic AppleLifestyle | G86: 8881 | H86: 210 | I86: 673 | J86: 1565 | K86: 24847 | L86: 156891 | M86: 9091.0043 | N86: 11329 | O86: 7.2209368 | P86: Sustainability Awareness Drive
A87: A86 | B87: YouTube | C87: 2025-01-27 | D87: Carousel | E87: #iPhone16Launch #AppleEvent | F87: iPhone16Launch AppleEvent | G87: 8949 | H87: 1477 | I87: 424 | J87: 1030 | K87: 58052 | L87: 123310 | M87: 10426.003 | N87: 11880 | O87: 9.6342551 | P87: Apple Watch Ultra 2 Launch
A88: A87 | B88: Twitter | C88: 2024-06-06 | D88: Tweet | E88: #iPhone16Launch #AppleEvent | F88: iPhone16Launch AppleEvent | G88: 11521 | H88: 1071 | I88: 762 | J88: 2539 | K88: 12701 | L88: 238350 | M88: 12592.003 | N88: 15893 | O88: 6.6679253 | P88: Sustainability Awareness Drive
A89: A88 | B89: Instagram | C89: 2024-07-07 | D89: Tweet | E89: #MacBookAirM3 #AppleInnovation | F89: MacBookAirM3 AppleInnovation | G89: 24625 | H89: 749 | I89: 193 | J89: 1340 | K89: 4890 | L89: 189381 | M89: 25374.001 | N89: 26907 | O89: 14.207867 | P89: Apple Watch Ultra 2 Launch
A90: A89 | B90: LinkedIn | C90: 45923 | D90: Image | E90: #Sustainability #AppleEarth | F90: Sustainability AppleEarth | G90: 10017 | H90: 1357 | I90: 966 | J90: 2871 | K90: 14800 | L90: 171691 | M90: 11374.006 | N90: 15211 | O90: 8.8595209 | P90: Apple Event September 2025
A91: A90 | B91: Twitter | C91: 2024-06-03 | D91: Image | E91: #AppleEvent #iPhone16 | F91: AppleEvent iPhone16 | G91: 8941 | H91: 911 | I91: 166 | J91: 1217 | K91: 68817 | L91: 221180 | M91: 9852.0008 | N91: 11235 | O91: 5.0795732 | P91: MacBook Air M3 Campaign
A92: A91 | B92: LinkedIn | C92: 45924 | D92: Tweet | E92: #AppleMusic #AppleLifestyle | F92: AppleMusic AppleLifestyle | G92: 12209 | H92: 222 | I92: 479 | J92: 2748 | K92: 24615 | L92: 74707 | M92: 12431.006 | N92: 15658 | O92: 20.959214 | P92: Apple Event September 2025
A93: A92 | B93: LinkedIn | C93: 2024-10-21 | D93: Tweet | E93: #MacBookAirM3 #AppleInnovation | F93: MacBookAirM3 AppleInnovation | G93: 19715 | H93: 1014 | I93: 718 | J93: 1185 | K93: 37625 | L93: 191409 | M93: 20729.004 | N93: 22632 | O93: 11.823895 | P93: Apple Watch Ultra 2 Launch
A94: A93 | B94: Twitter | C94: 2024-12-11 | D94: Carousel | E94: #iPhone16Launch #AppleEvent | F94: iPhone16Launch AppleEvent | G94: 22645 | H94: 545 | I94: 972 | J94: 321 | K94: 8396 | L94: 121537 | M94: 23190.008 | N94: 24483 | O94: 20.144483 | P94: MacBook Air M3 Campaign
A95: A94 | B95: Twitter | C95: 2024-11-07 | D95: Carousel | E95: #iPhone16Launch #AppleEvent | F95: iPhone16Launch AppleEvent | G95: 11550 | H95: 501 | I95: 646 | J95: 773 | K95: 17841 | L95: 237576 | M95: 12051.003 | N95: 13470 | O95: 5.6697646 | P95: iPhone 16 Launch
A96: A95 | B96: Twitter | C96: 2024-11-08 | D96: Tweet | E96: #AppleEvent #iPadPro | F96: AppleEvent iPadPro | G96: 23499 | H96: 562 | I96: 964 | J96: 2557 | K96: 56890 | L96: 218686 | M96: 24061.004 | N96: 27582 | O96: 12.612604 | P96: iPhone 16 Launch
A97: A96 | B97: Twitter | C97: 2024-09-10 | D97: Carousel | E97: #AppleWatch #Health | F97: AppleWatch Health | G97: 6637 | H97: 595 | I97: 161 | J97: 2653 | K97: 19334 | L97: 131155 | M97: 7232.0012 | N97: 10046 | O97: 7.6596394 | P97: Sustainability Awareness Drive
A98: A97 | B98: Twitter | C98: 2024-08-13 | D98: Carousel | E98: #Sustainability #AppleEarth | F98: Sustainability AppleEarth | G98: 6854 | H98: 417 | I98: 467 | J98: 1003 | K98: 61333 | L98: 40281 | M98: 7271.0116 | N98: 8741 | O98: 21.700057 | P98: Apple Watch Ultra 2 Launch
A99: A98 | B99: LinkedIn | C99: 2024-06-10 | D99: Video | E99: #AppleMusic #AppleLifestyle | F99: AppleMusic AppleLifestyle | G99: 21561 | H99: 340 | I99: 741 | J99: 986 | K99: 24826 | L99: 198492 | M99: 21901.004 | N99: 23628 | O99: 11.903754 | P99: Apple Watch Ultra 2 Launch
A100: A99 | B100: Twitter | C100: 2024-07-02 | D100: Carousel | E100: #AppleMusic #AppleLifestyle | F100: AppleMusic AppleLifestyle | G100: 12320 | H100: 1157 | I100: 365 | J100: 584 | K100: 66634 | L100: 210102 | M100: 13477.002 | N100: 14426 | O100: 6.8661888 | P100: iPhone 16 Launch
...

Sheet Engagement Summary
A1: Month | B1: Week_Start_Date | C1: Platform | D1: New_Followers | E1: Unfollows | F1: Total_Followers | G1: Engagement_Rate | H1: Ad_Spend | I1: Engagement | J1: Cost per new follower | K1: ROI | L1: Net followers
A2: Jun | B2: 2024-06-03 | C2: Instagram | D2: 4138 | E2: 361 | F2: 103777 | G2: 56.637791 | H2: 23944 | I2: 5877700 | J2: =H2/D2 -> 5.7863702 | K2: =I2/H2 -> 245.47695 | L2: =D2-E2 -> 3777
A3: Jun | B3: 2024-06-03 | C3: Twitter | D3: 8693 | E3: 1261 | F3: 111209 | G3: 69.475492 | H3: 29873 | I3: 7726300 | J3: =H3/D3 -> 3.4364431 | K3: =I3/H3 -> 258.63824 | L3: =D3-E3 -> 7432
A4: Jun | B4: 2024-06-03 | C4: YouTube | D4: 9264 | E4: 1141 | F4: 119332 | G4: 92.312205 | H4: 50372 | I4: 11015800 | J4: =H4/D4 -> 5.4373921 | K4: =I4/H4 -> 218.68895 | L4: =D4-E4 -> 8123
A5: Jun | B5: 2024-06-03 | C5: YouTube | D5: 8842 | E5: 971 | F5: 127203 | G5: 16.351816 | H5: 33928 | I5: 2080000 | J5: =H5/D5 -> 3.8371409 | K5: =I5/H5 -> 61.306296 | L5: =D5-E5 -> 7871
A6: Jun | B6: 2024-06-10 | C6: Instagram | D6: 7721 | E6: 506 | F6: 134418 | G6: 35.577824 | H6: 25379 | I6: 4782300 | J6: =H6/D6 -> 3.2870095 | K6: =I6/H6 -> 188.43532 | L6: =D6-E6 -> 7215
A7: Jun | B7: 2024-06-10 | C7: YouTube | D7: 8002 | E7: 524 | F7: 141896 | G7: 52.064893 | H7: 46751 | I7: 7387800 | J7: =H7/D7 -> 5.8424144 | K7: =I7/H7 -> 158.02443 | L7: =D7-E7 -> 7478
A8: Jun | B8: 2024-06-10 | C8: Twitter | D8: 5225 | E8: 291 | F8: 146830 | G8: 19.551863 | H8: 44546 | I8: 2870800 | J8: =H8/D8 -> 8.5255502 | K8: =I8/H8 -> 64.445741 | L8: =D8-E8 -> 4934
A9: Jun | B9: 2024-06-10 | C9: Twitter | D9: 3978 | E9: 543 | F9: 150265 | G9: 49.159818 | H9: 34286 | I9: 7387000 | J9: =H9/D9 -> 8.618904 | K9: =I9/H9 -> 215.45237 | L9: =D9-E9 -> 3435
A10: Jun | B10: 2024-06-17 | C10: Instagram | D10: 8373 | E10: 921 | F10: 157717 | G10: 12.226329 | H10: 15110 | I10: 1928300 | J10: =H10/D10 -> 1.8046101 | K10: =I10/H10 -> 127.61747 | L10: =D10-E10 -> 7452
A11: Jun | B11: 2024-06-17 | C11: Twitter | D11: 6907 | E11: 834 | F11: 163790 | G11: 54.158984 | H11: 22087 | I11: 8870700 | J11: =H11/D11 -> 3.1977704 | K11: =I11/H11 -> 401.62539 | L11: =D11-E11 -> 6073
A12: Jun | B12: 2024-06-17 | C12: LinkedIn | D12: 7097 | E12: 369 | F12: 170518 | G12: 9.2506363 | H12: 33762 | I12: 1577400 | J12: =H12/D12 -> 4.7572214 | K12: =I12/H12 -> 46.721166 | L12: =D12-E12 -> 6728
A13: Jun | B13: 2024-06-17 | C13: Instagram | D13: 6656 | E13: 978 | F13: 176196 | G13: 60.425889 | H13: 27081 | I13: 10646800 | J13: =H13/D13 -> 4.0686599 | K13: =I13/H13 -> 393.14649 | L13: =D13-E13 -> 5678
... A201: May | B201: 2025-05-12 | C201: Twitter | D201: 8527 | E201: 1091 | F201: 1186398 | G201: 1.6760817 | H201: 41703 | I201: 1988500 | J201: =H201/D201 -> 4.8907001 | K201: =I201/H201 -> 47.682421 | L201: =D201-E201 -> 7436

Sheet Campaign Metadata
A1: Campaign_Name | B1: Start_Date | C1: End_Date | D1: Objective | E1: Ad_Spend | F1: Impressions | G1: Engagement_Uplift | H1: Engagement During Campaign | I1: Engagement Before Campaign | J1: Calculated Engagement Uplift (%) | K1: Net follower growth | L1: Engagement
A2: iPhone 16 Launch | B2: 2024-06-15 | C2: 2024-07-15 | D2: Product Launch | E2: 85000 | F2: 950000 | G2: 0.45 | H2: 0 | I2: 0 | J2: =(H2-I2)/I2 -> #DIV/0! | L2: 926462 | M2: {=SUMPRODUCT(('Engagement Summary'!$D:$D)*('Engagement Summary'!$B:$B>='Campaign Metadata'!B2)*('Engagement Summary'!$B:$B <('Campaign Metadata'!C2+1)))} -> #VALUE!
A3: MacBook Air M3 Campaign | B3: 2024-10-01 | C3: 2024-10-31 | D3: Product Promotion | E3: 60000 | F3: 780000 | G3: 0.38 | H3: 0 | I3: 0 | J3: =(H3-I3)/I3 -> #DIV/0! | L3: 652233 | M3: {=SUMPRODUCT(('Engagement Summary'!$D:$D)*('Engagement Summary'!$B:$B>='Campaign Metadata'!B3)*('Engagement Summary'!$B:$B <('Campaign Metadata'!C3+1)))} -> #VALUE!
A4: Apple Watch Ultra 2 Launch | B4: 2024-12-25 | C4: 2025-01-10 | D4: Health & Fitness Awareness | E4: 55000 | F4: 700000 | G4: 0.41 | H4: 0 | I4: 0 | J4: =(H4-I4)/I4 -> #DIV/0! | L4: 991433 | M4: {=SUMPRODUCT(('Engagement Summary'!$D:$D)*('Engagement Summary'!$B:$B>='Campaign Metadata'!B4)*('Engagement Summary'!$B:$B <('Campaign Metadata'!C4+1)))} -> #VALUE!
A5: Sustainability Awareness Drive | B5: 2025-03-01 | C5: 2025-03-31 | D5: Sustainability Branding | E5: 40000 | F5: 550000 | G5: 0.32 | H5: 0 | I5: 0 | J5: =(H5-I5)/I5 -> #DIV/0! | L5: 879891 | M5: {=SUMPRODUCT(('Engagement Summary'!$D:$D)*('Engagement Summary'!$B:$B>='Campaign Metadata'!B5)*('Engagement Summary'!$B:$B <('Campaign Metadata'!C5+1)))} -> #VALUE!
A6: Apple Event September 2025 | B6: 45901 | C6: 45930 | D6: Brand Engagement | E6: 75000 | F6: 880000 | G6: 0.47 | H6: 918031 | I6: 0 | J6: =H6-I6/I6 -> #DIV/0! | L6: 1051098 | M6: {=SUMPRODUCT(('Engagement Summary'!$D:$D)*('Engagement Summary'!$B:$B>='Campaign Metadata'!B6)*('Engagement Summary'!$B:$B <('Campaign Metadata'!C6+1)))} -> #VALUE!

Sheet Top 10 posts with hih engageme
A1: Row Labels | B1: Sum of Engagement
A2: A1 | B2: 26466
A3: A104 | B3: 26469
A4: A109 | B4: 26128
A5: A127 | B5: 26206
A6: A139 | B6: 25774
A7: A153 | B7: 25763
A8: A157 | B8: 25652
A9: A268 | B9: 26026
A10: A47 | B10: 26198
A11: A72 | B11: 25907
A12: Grand Total | B12: 260589

Sheet Total likes,Share and comment
B1: Column Labels
B2: Carousel | E2: Image | H2: Tweet | K2: Video | N2: Total Sum of Likes | O2: Total Sum of Comments | P2: Total Sum of Shares
A3: Row Labels | B3: Sum of Likes | C3: Sum of Comments | D3: Sum of Shares | E3: Sum of Likes | F3: Sum of Comments | G3: Sum of Shares | H3: Sum of Likes | I3: Sum of Comments | J3: Sum of Shares | K3: Sum of Likes | L3: Sum of Comments | M3: Sum of Shares
A4: Instagram | B4: 278757 | C4: 13676 | D4: 16508 | E4: 218031 | F4: 10389 | G4: 18753 | H4: 206053 | I4: 9295 | J4: 14750 | K4: 244355 | L4: 7426 | M4: 13194 | N4: 947196 | O4: 40786 | P4: 63205
A5: LinkedIn | B5: 246297 | C5: 12611 | D5: 18856 | E5: 329722 | F5: 14305 | G5: 19905 | H5: 279588 | I5: 11014 | J5: 17963 | K5: 278759 | L5: 11770 | M5: 14236 | N5: 1134366 | O5: 49700 | P5: 70960
A6: Twitter | B6: 394886 | C6: 14381 | D6: 21298 | E6: 148676 | F6: 6092 | G6: 7832 | H6: 249305 | I6: 9160 | J6: 15862 | K6: 244756 | L6: 9640 | M6: 14669 | N6: 1037623 | O6: 39273 | P6: 59661
A7: YouTube | B7: 279732 | C7: 13714 | D7: 24668 | E7: 195079 | F7: 8277 | G7: 10604 | H7: 187129 | I7: 8101 | J7: 14136 | K7: 286318 | L7: 12537 | M7: 18052 | N7: 948258 | O7: 42629 | P7: 67460
A8: Grand Total | B8: 1199672 | C8: 54382 | D8: 81330 | E8: 891508 | F8: 39063 | G8: 57094 | H8: 922075 | I8: 37570 | J8: 62711 | K8: 1054188 | L8: 41373 | M8: 60151 | N8: 4067443 | O8: 172388 | P8: 261286

Sheet Average clicks per post by Hash
A1: Row Labels | B1: Average of Clicks
A2: #AppleDesign #Innovation | B2: 1592.72
A3: #AppleEvent #iPadPro | B3: 1477.2632
A4: #AppleEvent #iPhone16 | B4: 1579.4375
A5: #AppleMusic #AppleLifestyle | B5: 1463.2941
A6: #AppleWatch #Health | B6: 1711.5135
A7: #AppleWatchUltra2 #HealthTech | B7: 1674.96
A8: #iPhone16Launch #AppleEvent | B8: 1811.3103
A9: #iPhonePhotography #ShotOniPhone | B9: 1706.76
A10: #MacBookAirM3 #AppleInnovation | B10: 1680.3571
A11: #MacBookProM3 | B11: 1289.4118
A12: #ShotOniPhone | B12: 1592.9375
A13: #Sustainability #AppleEarth | B13: 1459.3077
A14: Grand Total | B14: 1606.6833

Sheet Platform with highest engagemen
A1: Sum of Engagement | B1: Column Labels
A2: Row Labels | B2: Carousel | C2: Image | D2: Tweet | E2: Video | F2: Grand Total
A3: Instagram | B3: 308941 | C3: 247173 | D3: 230098 | E3: 264975 | F3: 1051187
A4: LinkedIn | B4: 277764 | C4: 363932 | D4: 308565 | E4: 304765 | F4: 1255026
A5: Twitter | B5: 430565 | C5: 162600 | D5: 274327 | E5: 269065 | F5: 1136557
A6: YouTube | B6: 318114 | C6: 213960 | D6: 209366 | E6: 316907 | F6: 1058347
A7: Grand Total | B7: 1335384 | C7: 987665 | D7: 1022356 | E7: 1155712 | F7: 4501117
A9: Instagram,Twitter and Youtube has highest engagement in Carsousel and Linkedin has highest engagement in Image

Sheet Folower Growth rate across plat
A1: Sum of Total_Followers | B1: Column Labels
A2: Row Labels | B2: Instagram | C2: LinkedIn | D2: Twitter | E2: YouTube | F2: Grand Total
A3: Jan | B3: 1678970 | C3: 2442487 | D3: 6631554 | E3: 2462762 | F3: 13215773
A4: Feb | B4: 3749314 | C4: 3632808 | D4: 3595065 | E4: 3662672 | F4: 14639859
A5: Mar | B5: 3068302 | C5: 9209789 | D5: 4001105 | E5: 4067744 | F5: 20346940
A6: Apr | B6: 4463934 | C6: 6629107 | D6: 5654459 | E6: 1073082 | F6: 17820582
A7: May | B7: 2338827 | C7: 4669630 | D7: 1186398 | E7: 1157985 | F7: 9352840
A8: Jun | B8: 761843 | C8: 170518 | D8: 961762 | E8: 586819 | F8: 2480942
A9: Jul | B9: 950407 | C9: 2059655 | D9: 1282914 | E9: 845232 | F9: 5138208
A10: Aug | B10: 1748424 | C10: 692269 | D10: 1363921 | E10: 1776227 | F10: 5580841
A11: Sep | B11: 3575412 | C11: 1299882 | D11: 2295757 | E11: 1758174 | F11: 8929225
A12: Oct | B12: 2162853 | C12: 1663426 | D12: 1572941 | E12: 3214198 | F12: 8613418
A13: Nov | B13: 1948470 | C13: 3183897 | D13: 3063395 | E13: 1901467 | F13: 10097229
A14: Dec | B14: 4996266 | C14: 5114622 | D14: 2202932 | E14: 2151867 | F14: 14465687
A15: Grand Total | B15: 31443022 | C15: 40768090 | D15: 33812203 | E15: 24658229 | F15: 130681544

Sheet Sum of Engagement Rate
A1: Sum of Engagement Rate | B1: Column Labels
A2: Row Labels | B2: Carousel | C2: Image | D2: Tweet | E2: Video | F2: Grand Total
A3: Instagram | B3: 295265.12 | C3: 236784.09 | D3: 220803.09 | E3: 257549.08 | F3: 1010401.4
A4: LinkedIn | B4: 265153.1 | C4: 349627.12 | D4: 297551.09 | E4: 292995.1 | F4: 1205326.4
A5: Twitter | B5: 416184.13 | C5: 156508.06 | D5: 265167.08 | E5: 259425.09 | F5: 1097284.4
A6: YouTube | B6: 304400.11 | C6: 205683.06 | D6: 201265.08 | E6: 304370.11 | F6: 1015718.4
A7: Grand Total | B7: 1281002.5 | C7: 948602.32 | D7: 984786.33 | E7: 1114339.4 | F7: 4328730.5

Sheet Comparative analysis
A1: Row Labels | B1: Average of Post Interaction Rate | C1: Sum of Total Engagement
A2: Instagram | B2: 13.154964 | C2: 1168239
A3: Carousel | B3: 13.961785 | C3: 343280
A4: Image | B4: 10.377515 | C4: 276109
A5: Tweet | B5: 13.337018 | C5: 258058
A6: Video | B6: 15.217795 | C6: 290792
A7: LinkedIn | B7: 13.775313 | C7: 1390876
A8: Carousel | B8: 12.250809 | C8: 312259
A9: Image | B9: 13.468316 | C9: 404925
A10: Tweet | B10: 12.666457 | C10: 341726
A11: Video | B11: 17.048993 | C11: 331966
A12: Twitter | B12: 15.15462 | C12: 1241294
A13: Carousel | B13: 15.497724 | C13: 471930
... A21: Video | B21: 14.13093 | C21: 354924
A22: (blank)
A23: (blank)
A24: Grand Total | B24: 13.613575 | C24: 4983122

Sheet Engagement vs ad spend as per p
A1: Sum of Engagement | B1: Column Labels
A2: Row Labels | B2: Instagram | C2: LinkedIn | D2: Twitter | E2: YouTube | F2: Grand Total
A3: 10161 | E3: 7579400 | F3: 7579400
A4: 10162 | E4: 14954400 | F4: 14954400
A5: 10541 | C5: 7784300 | F5: 7784300
A6: 11013 | B6: 2848900 | F6: 2848900
A7: 11171 | B7: 2484900 | F7: 2484900
A8: 11431 | C8: 9651600 | F8: 9651600
A9: 11619 | E9: 7799000 | F9: 7799000
A10: 11651 | E10: 12905200 | F10: 12905200
A11: 11828 | C11: 9181600 | F11: 9181600
A12: 12023 | D12: 5197100 | F12: 5197100
A13: 12096 | C13: 8622900 | F13: 8622900
A14: 12539 | D14: 13688800 | F14: 13688800
A15: 12563 | E15: 13277500 | F15: 13277500
A16: 12643 | E16: 6008500 | F16: 6008500
A17: 12839 | E17: 14925100 | F17: 14925100
A18: 13384 | D18: 5878100 | F18: 5878100
A19: 13390 | D19: 9908700 | F19: 9908700
A20: 13471 | B20: 1058700 | F20: 1058700
A21: 13586 | D21: 6782800 | F21: 6782800
A22: 15017 | C22: 13929500 | F22: 13929500
A23: 15105 | B23: 11293200 | F23: 11293200
A24: 15110 | B24: 1928300 | F24: 1928300
A25: 15347 | C25: 6630700 | F25: 6630700
A26: 15432 | C26: 3356700 | F26: 3356700
A27: 15469 | B27: 12045400 | F27: 12045400
A28: 15997 | C28: 4338000 | F28: 4338000
A29: 16256 | B29: 6440000 | F29: 6440000
A30: 16397 | C30: 11908900 | F30: 11908900
A31: 16643 | E31: 9544500 | F31: 9544500
A32: 17531 | D32: 13668800 | F32: 13668800
A33: 17710 | D33: 3274600 | F33: 3274600
A34: 17736 | E34: 8295400 | F34: 8295400
A35: 17896 | C35: 2394700 | F35: 2394700
A36: 17909 | C36: 2356500 | F36: 2356500
A37: 17927 | C37: 1825900 | F37: 1825900
A38: 17999 | B38: 1015500 | F38: 1015500
A39: 18329 | C39: 13098700 | F39: 13098700
A40: 18461 | C40: 6390900 | F40: 6390900
A41: 19067 | D41: 8456700 | F41: 8456700
A42: 19435 | B42: 3201000 | F42: 3201000
A43: 19518 | D43: 14219700 | F43: 14219700
A44: 19557 | B44: 2210900 | F44: 2210900
A45: 19596 | B45: 2813300 | F45: 2813300
A46: 19833 | E46: 2100200 | F46: 2100200
A47: 20028 | B47: 1975200 | F47: 1975200
A48: 20258 | D48: 13557600 | F48: 13557600
A49: 20720 | D49: 4185200 | F49: 4185200
A50: 21005 | E50: 1653000 | F50: 1653000
A51: 21918 | D51: 9176800 | F51: 9176800
A52: 21929 | D52: 6486900 | F52: 6486900
A53: 22087 | D53: 8870700 | F53: 8870700
A54: 22448 | E54: 6542600 | F54: 6542600
A55: 22693 | B55: 13995100 | F55: 13995100
A56: 23109 | B56: 3364800 | F56: 3364800
A57: 23428 | E57: 13466100 | F57: 13466100
A58: 23493 | E58: 6093900 | F58: 6093900
A59: 23944 | B59: 5877700 | F59: 5877700
A60: 23975 | D60: 6881000 | F60: 6881000
A61: 24226 | B61: 1413500 | F61: 1413500
A62: 24289 | C62: 10249300 | F62: 10249300
A63: 24472 | C63: 5630500 | F63: 5630500
A64: 24537 | E64: 2865800 | F64: 2865800
A65: 25078 | C65: 12278200 | F65: 12278200
A66: 25261 | D66: 1265900 | F66: 1265900
A67: 25379 | B67: 4782300 | E67: 14362300 | F67: 19144600
A68: 25892 | E68: 6971100 | F68: 6971100
A69: 26029 | C69: 14135400 | F69: 14135400
A70: 26044 | B70: 7298700 | F70: 7298700
A71: 26087 | E71: 14831100 | F71: 14831100
A72: 26184 | B72: 1843800 | F72: 1843800
A73: 26370 | D73: 9796900 | F73: 9796900
A74: 27015 | D74: 2835100 | F74: 2835100
A75: 27069 | C75: 3951600 | F75: 3951600
A76: 27073 | E76: 8717500 | F76: 8717500
A77: 27081 | B77: 10646800 | F77: 10646800
A78: 27833 | B78: 8251600 | F78: 8251600
A79: 28284 | B79: 8697500 | F79: 8697500
A80: 28313 | C80: 3762400 | F80: 3762400
A81: 28394 | E81: 10566500 | F81: 10566500
A82: 28509 | D82: 13223200 | F82: 13223200
A83: 28681 | D83: 5347200 | F83: 5347200
A84: 28745 | B84: 8481300 | F84: 8481300
A85: 28994 | E85: 9155700 | F85: 9155700
A86: 29194 | B86: 6648100 | F86: 6648100
A87: 29675 | E87: 4451800 | F87: 4451800
A88: 29715 | E88: 7327800 | F88: 7327800
A89: 29873 | D89: 7726300 | F89: 7726300
A90: 30644 | B90: 4529200 | F90: 4529200
A91: 31621 | B91: 14907600 | F91: 14907600
A92: 31817 | E92: 4990100 | F92: 4990100
A93: 32436 | C93: 13395000 | F93: 13395000
A94: 32669 | E94: 8091000 | F94: 8091000
A95: 33225 | D95: 4799100 | F95: 4799100
A96: 33252 | C96: 14366900 | F96: 14366900
A97: 33284 | C97: 14748800 | F97: 14748800
A98: 33705 | D98: 11041700 | F98: 11041700
A99: 33762 | C99: 1577400 | F99: 1577400
A100: 33928 | E100: 2080000 | F100: 2080000
...

Sheet Frequently used hashtags
A1: Row Labels | B1: Count of Hashtags
A2: #AppleDesign #Innovation | B2: 25
A3: #AppleEvent #iPadPro | B3: 19
A4: #AppleEvent #iPhone16 | B4: 32
A5: #AppleMusic #AppleLifestyle | B5: 34
A6: #AppleWatch #Health | B6: 37
A7: #AppleWatchUltra2 #HealthTech | B7: 25
A8: #iPhone16Launch #AppleEvent | B8: 29
A9: #iPhonePhotography #ShotOniPhone | B9: 25
A10: #MacBookAirM3 #AppleInnovation | B10: 28
A11: #MacBookProM3 | B11: 17
A12: #ShotOniPhone | B12: 16
A13: #Sustainability #AppleEarth | B13: 13
A14: Grand Total | B14: 300

Sheet average performance of posts
A1: Row Labels | B1: Average of Comments | C1: Average of Likes | D1: Average of Shares
A2: #AppleDesign #Innovation | B2: 637.56 | C2: 13327.8 | D2: 892.8
A3: #AppleEvent #iPadPro | B3: 535.68421 | C3: 12987 | D3: 900.36842
A4: #AppleEvent #iPhone16 | B4: 567.59375 | C4: 14262.094 | D4: 869.34375
A5: #AppleMusic #AppleLifestyle | B5: 584.76471 | C5: 13437.176 | D5: 875.88235
A6: #AppleWatch #Health | B6: 576.91892 | C6: 13986.108 | D6: 880.54054
A7: #AppleWatchUltra2 #HealthTech | B7: 560.12 | C7: 13057.88 | D7: 980.64
A8: #iPhone16Launch #AppleEvent | B8: 541.13793 | C8: 15420.517 | D8: 803.65517
A9: #iPhonePhotography #ShotOniPhone | B9: 562.12 | C9: 13856.76 | D9: 802.2
A10: #MacBookAirM3 #AppleInnovation | B10: 531.75 | C10: 13015.321 | D10: 901.46429
A11: #MacBookProM3 | B11: 626.05882 | C11: 12777.235 | D11: 814.35294
A12: #ShotOniPhone | B12: 574.875 | C12: 14377.688 | D12: 806.5625
A13: #Sustainability #AppleEarth | B13: 646.23077 | C13: 9616.3077 | D13: 908.69231
A14: Grand Total | B14: 574.62667 | C14: 13558.143 | D14: 870.95333

Sheet Content Performance
A1: Row Labels | B1: Average of Likes | C1: Average of Shares | D1: Average of Comments
A2: Carousel | B2: 13039.913 | C2: 884.02174 | D2: 591.1087
A3: Image | B3: 13110.412 | C3: 839.61765 | D3: 574.45588
A4: Tweet | B4: 13363.406 | C4: 908.85507 | D4: 544.49275
A5: Video | B5: 14847.718 | C5: 847.19718 | D5: 582.71831
A6: Grand Total | B6: 13558.143 | C6: 870.95333 | D6: 574.62667

Sheet content type performs best
A1: Average of Total Engagement | B1: Column Labels
A2: Row Labels | B2: Carousel | C2: Image | D2: Tweet | E2: Video | F2: Grand Total
A3: Instagram | B3: 15603.636 | C3: 13805.45 | D3: 17203.867 | E3: 17105.412 | F3: 15787.014
A4: LinkedIn | B4: 15612.95 | C4: 16871.875 | D4: 17985.579 | E4: 18442.556 | F4: 17171.309
A5: Twitter | B5: 18151.154 | C5: 19335.556 | D5: 17037.889 | E5: 19244.133 | F5: 18254.324
A6: YouTube | B6: 14618.292 | C6: 15890.933 | D6: 14034.471 | E6: 16901.143 | F6: 15359.909
A7: Grand Total | B7: 16068.565 | C7: 16079.676 | D7: 16594.957 | E7: 17835.831 | F7: 16610.407
A10: Twitter image is best
A11: Linkedin Video is best
A12: Instagram Tweet is best
A13: Youtube video is best

Sheet content type performs best cont
A1: Platform | B1: ContentType | C1: Total Engagement
A2: YouTube | B2: Image | C2: 29141
A3: LinkedIn | B3: Image | C3: 7899
A4: Instagram | B4: Tweet | C4: 22920
A5: YouTube | B5: Video | C5: 6903
A6: YouTube | B6: Video | C6: 23673
A7: LinkedIn | B7: Image | C7: 16722
A8: Instagram | B8: Carousel | C8: 9041
A9: Instagram | B9: Video | C9: 22908
A10: YouTube | B10: Carousel | C10: 9656
A11: Twitter | B11: Video | C11: 22810
A12: YouTube | B12: Carousel | C12: 14979
A13: YouTube | B13: Tweet | C13: 5068
... A301: LinkedIn | B301: Video | C301: 23202

Sheet Total & Average Impressions
A1: Row Labels | B1: Sum of Impressions | C1: Average of Clicks | D1: Sum of Clicks | E1: Average of Likes | F1: Sum of Likes | G1: Average of Impressions
A2: Apple Event September 2025 | B2: 10331022 | C2: 1664.5507 | D2: 114854 | E2: 13870.29 | F2: 957050 | G2: 149724.96
A3: Apple Watch Ultra 2 Launch | B3: 9407749 | C3: 1547.4638 | D3: 106775 | E3: 12877.232 | F3: 888529 | G3: 136344.19
A4: iPhone 16 Launch | B4: 8901334 | C4: 1636.322 | D4: 96543 | E4: 14295.441 | F4: 843431 | G4: 150870.07
A5: MacBook Air M3 Campaign | B5: 6698763 | C5: 1623.1957 | D5: 74667 | E5: 12738.478 | F5: 585970 | G5: 145625.28
A6: Sustainability Awareness Drive | B6: 9222999 | C6: 1564.3158 | D6: 89166 | E6: 13902.86 | F6: 792463 | G6: 161807
A7: Grand Total | B7: 44561867 | C7: 1606.6833 | D7: 482005 | E7: 13558.143 | F7: 4067443 | G7: 148539.56

Sheet Analyse cost efficiency
A1: Row Labels | B1: Average of Engagement_Rate | C1: Average of Cost per new follower
A2: Instagram | B2: 15.559292 | C2: 8.892945
A3: LinkedIn | B3: 14.067998 | C3: 9.9250123
A4: Twitter | B4: 17.480513 | C4: 7.2249455
A5: YouTube | B5: 17.599263 | C5: 5.9447789
A6: Grand Total | B6: 16.076504 | C6: 8.1303696

Sheet Find out highest ROI
A1: Row Labels | B1: Sum of Engagement | C1: Sum of Ad_Spend | D1: ROI
A2: Apple Event September 2025 | B2: 1051098 | C2: 75000 | D2: =B2/C2 -> 14.01464
A3: Apple Watch Ultra 2 Launch | B3: 991433 | C3: 55000 | D3: =B3/C3 -> 18.026055
A4: iPhone 16 Launch | B4: 926462 | C4: 85000 | D4: =B4/C4 -> 10.899553
A5: MacBook Air M3 Campaign | B5: 652233 | C5: 60000 | D5: =B5/C5 -> 10.87055
A6: Sustainability Awareness Drive | B6: 879891 | C6: 40000 | D6: =B6/C6 -> 21.997275
C7: Sustainability Awareness Drive has highest ROI

Sheet Weekly folower growth platform
A1: Sum of Net followers | B1: Column Labels
A2: Row Labels | B2: Instagram | C2: LinkedIn | D2: Twitter | E2: YouTube | F2: (blank) | G2: Grand Total
A3: 2024-06-03 | B3: 3777 | D3: 7432 | E3: 15994 | G3: 27203
A4: 2024-06-10 | B4: 7215 | D4: 8369 | E4: 7478 | G4: 23062
A5: 2024-06-17 | B5: 13130 | C5: 6728 | D5: 6073 | G5: 25931
A6: 2024-06-24 | B6: 4885 | D6: 15084 | E6: 8653 | G6: 28622
A7: 2024-07-01 | B7: 5928 | C7: 5442 | D7: 8463 | G7: 19833
A8: 2024-07-08 | C8: 11378 | D8: 7151 | G8: 18529
A9: 2024-07-15 | B9: 4967 | D9: 7092 | E9: 1826 | G9: 13885
A10: 2024-07-22 | C10: 15403 | D10: 7733 | E10: 9082 | G10: 32218
A11: 2024-07-29 | C11: 7537 | D11: 6039 | E11: 3445 | G11: 17021
A12: 2024-08-05 | B12: 3213 | C12: 4847 | D12: 3497 | E12: 2543 | G12: 14100
A13: 2024-08-12 | B13: 6853 | D13: 12800 | E13: 7033 | G13: 26686
A14: 2024-08-19 | B14: 13835 | E14: 9427 | G14: 23262
A15: 2024-08-26 | B15: 8231 | C15: 1513 | D15: 5753 | E15: 5303 | G15: 20800
A16: 2024-09-02 | B16: 7396 | C16: 8228 | D16: 6593 | G16: 22217
A17: 2024-09-09 | B17: 7442 | C17: 6121 | E17: 11613 | G17: 25176
A18: 2024-09-16 | C18: 2199 | D18: 3925 | E18: 9308 | G18: 15432
A19: 2024-09-23 | B19: 13040 | D19: 4942 | G19: 17982
A20: 2024-09-30 | B20: 9904 | D20: 8530 | G20: 18434
A21: 2024-10-07 | B21: 4808 | C21: 2421 | E21: 10348 | G21: 17577
A22: 2024-10-14 | D22: 16256 | E22: 7115 | G22: 23371
A23: 2024-10-21 | B23: 23973 | E23: 6918 | G23: 30891
A24: 2024-10-28 | C24: 14812 | E24: 12442 | G24: 27254
A25: 2024-11-04 | C25: 4942 | D25: 8687 | E25: 3056 | G25: 16685
A26: 2024-11-11 | C26: 4882 | D26: 9649 | E26: 5220 | G26: 19751
A27: 2024-11-18 | B27: 5206 | C27: 9648 | D27: 6384 | G27: 21238
A28: 2024-11-25 | B28: 14537 | C28: 8945 | E28: 5143 | G28: 28625
A29: 2024-12-02 | B29: 8999 | C29: 5402 | E29: 3929 | G29: 18330
A30: 2024-12-09 | B30: 3461 | C30: 949 | D30: 6642 | E30: 4790 | G30: 15842
A31: 2024-12-16 | B31: 4802 | C31: 8527 | D31: 6275 | G31: 19604
A32: 2024-12-23 | B32: 4314 | C32: 7541 | E32: 7328 | G32: 19183
A33: 2024-12-30 | B33: 4214 | C33: 16577 | D33: 3079 | G33: 23870
A34: 2025-01-06 | C34: 9254 | D34: 9202 | E34: 8601 | G34: 27057
A35: 2025-01-13 | B35: 2919 | C35: 7471 | D35: 7346 | E35: 1001 | G35: 18737
A36: 2025-01-20 | D36: 20155 | E36: 7654 | G36: 27809
A37: 2025-01-27 | B37: 3643 | C37: 7260 | D37: 11789 | G37: 22692
A38: 2025-02-03 | D38: 16086 | E38: 12447 | G38: 28533
A39: 2025-02-10 | C39: 12622 | D39: 1020 | G39: 13642
A40: 2025-02-17 | B40: 11468 | C40: 5101 | D40: 1290 | G40: 17859
A41: 2025-02-24 | B41: 15087 | E41: 15359 | G41: 30446
A42: 2025-03-03 | C42: 7432 | D42: 6326 | E42: 6631 | G42: 20389
A43: 2025-03-10 | B43: 2994 | C43: 2535 | D43: 8723 | E43: 3555 | G43: 17807
A44: 2025-03-17 | B44: 8292 | C44: 19728 | G44: 28020
A45: 2025-03-24 | C45: 21227 | E45: 4189 | G45: 25416
A46: 2025-03-31 | B46: 6128 | C46: 1660 | D46: 6272 | E46: 1567 | G46: 15627
A47: 2025-04-07 | B47: 1425 | C47: 4542 | D47: 8319 | E47: 6434 | G47: 20720
A48: 2025-04-14 | C48: 24995 | G48: 24995
A49: 2025-04-21 | B49: 15012 | D49: 7058 | G49: 22070
A50: 2025-04-28 | C50: 1512 | D50: 15937 | G50: 17449
A51: 2025-05-05 | B51: 7959 | C51: 2960 | E51: 5210 | G51: 16129
A52: 2025-05-12 | B52: 2805 | C52: 8146 | D52: 7436 | G52: 18387
A53: (blank)
A54: Grand Total | B54: 261862 | C54: 290487 | D54: 303407 | E54: 230642 | G54: 1086398

Sheet The peak of week of follower ga
A1: Row Labels | B1: Sum of New_Followers
A2: 2024-06-03 | B2: 30937
A3: 2024-06-10 | B3: 24926
A4: 2024-06-17 | B4: 29033
A5: 2024-06-24 | B5: 31430
A6: 2024-07-01 | B6: 21836
A7: 2024-07-08 | B7: 20394
A8: 2024-07-15 | B8: 15600
A9: 2024-07-22 | B9: 35220
A10: 2024-07-29 | B10: 19605
A11: 2024-08-05 | B11: 15446
A12: 2024-08-12 | B12: 29373
A13: 2024-08-19 | B13: 25600
... A17: 2024-09-16 | B17: 17005
A18: 2024-09-23 | B18: 20095 | F18: =MAX(B2:B51) -> 35220
A19: 2024-09-30 | B19: 20374 | F19: =INDEX(A2:A51,MATCH(MAX(B2:B51),B2:B51,0)) -> 2024-07-22
A20: 2024-10-07 | B20: 19886
A21: 2024-10-14 | B21: 25576
A22: 2024-10-21 | B22: 34182
A23: 2024-10-28 | B23: 30338
A24: 2024-11-04 | B24: 18704
A25: 2024-11-11 | B25: 22206
A26: 2024-11-18 | B26: 23076
A27: 2024-11-25 | B27: 31244
A28: 2024-12-02 | B28: 20319
A29: 2024-12-09 | B29: 17052
A30: 2024-12-16 | B30: 22471
A31: 2024-12-23 | B31: 21551
... A52: Grand Total | B52: 1205188

Sheet Use moving averages to smooth 
A1: Date | B1: Instagram | C1: LinkedIn | D1: Twitter | E1: YouTube | F1: Instagram 4W_MA | G1: LinkedIn 4W_MA | H1: Twitter 4W_MA | I1: YouTube 4W_MA
A2: 2024-06-03 | B2: 3777 | D2: 7432 | E2: 15994 | F2: 7251.75 | G2: 6728 | H2: 9239.5 | I2: 10708.333
A3: 2024-06-10 | B3: 7215 | D3: 8369 | E3: 7478 | F3: 7789.5 | G3: 6085 | H3: 9497.25 | I3: 8065.5
A4: 2024-06-17 | B4: 13130 | C4: 6728 | D4: 6073 | F4: 7981 | G4: 7849.3333 | H4: 9192.75 | I4: 8653
A5: 2024-06-24 | B5: 4885 | D5: 15084 | E5: 8653 | F5: 5260 | G5: 8410 | H5: 9447.5 | I5: 5239.5
A6: 2024-07-01 | B6: 5928 | C6: 5442 | D6: 8463 | F6: 5447.5 | G6: 10741 | H6: 7609.75 | I6: 5454
A7: 2024-07-08 | C7: 11378 | D7: 7151 | F7: 4967 | G7: 11439.333 | H7: 7003.75 | I7: 4784.3333
A8: 2024-07-15 | B8: 4967 | D8: 7092 | E8: 1826 | F8: 4090 | G8: 9262.3333 | H8: 6090.25 | I8: 4224
A9: 2024-07-22 | C9: 15403 | D9: 7733 | E9: 9082 | F9: 5033 | G9: 9262.3333 | H9: 7517.25 | I9: 5525.75
A10: 2024-07-29 | C10: 7537 | D10: 6039 | E10: 3445 | F10: 7967 | G10: 6192 | H10: 7445.3333 | I10: 5612
A11: 2024-08-05 | B11: 3213 | C11: 4847 | D11: 3497 | E11: 2543 | F11: 8033 | G11: 3180 | H11: 7350 | I11: 6076.5
A12: 2024-08-12 | B12: 6853 | D12: 12800 | E12: 7033 | F12: 9078.75 | G12: 4870.5 | H12: 8382 | I12: 7254.3333
A13: 2024-08-19 | B13: 13835 | E13: 9427 | F13: 9226 | G13: 5287.3333 | H13: 6173 | I13: 8781
A14: 2024-08-26 | B14: 8231 | C14: 1513 | D14: 5753 | E14: 5303 | F14: 7689.6667 | G14: 4515.25 | H14: 5423.6667 | I14: 8741.3333
A15: 2024-09-02 | B15: 7396 | C15: 8228 | D15: 6593 | F15: 9292.6667 | G15: 5516 | H15: 5153.3333 | I15: 10460.5
A16: 2024-09-09 | B16: 7442 | C16: 6121 | E16: 11613 | F16: 10128.667 | G16: 4160 | H16: 5799 | I16: 10460.5
A17: 2024-09-16 | C17: 2199 | D17: 3925 | E17: 9308 | F17: 9250.6667 | G17: 2310 | H17: 5799 | I17: 9828
A18: 2024-09-23 | B18: 13040 | D18: 4942 | F18: 9250.6667 | G18: 2421 | H18: 9909.3333 | I18: 8731.5
A19: 2024-09-30 | B19: 9904 | D19: 8530 | F19: 12895 | G19: 2421 | H19: 12393 | I19: 8127
A20: 2024-10-07 | B20: 4808 | C20: 2421 | E20: 10348 | F20: 14390.5 | G20: 8616.5 | H20: 16256 | I20: 9205.75
A21: 2024-10-14 | D21: 16256 | E21: 7115 | F21: 23973 | G21: 9877 | H21: 12471.5 | I21: 7382.75
A22: 2024-10-21 | B22: 23973 | E22: 6918 | F22: 23973 | G22: 8212 | H22: 9168 | I22: 6909
A23: 2024-10-28 | C23: 14812 | E23: 12442 | F23: 5206 | G23: 8571 | H23: 8240 | I23: 6906
A24: 2024-11-04 | C24: 4942 | D24: 8687 | E24: 3056 | F24: 9871.5 | G24: 7104.25 | H24: 8240 | I24: 4473
A25: 2024-11-11 | C25: 4882 | D25: 9649 | E25: 5220 | F25: 9580.6667 | G25: 7219.25 | H25: 8016.5 | I25: 4764
A26: 2024-11-18 | B26: 5206 | C26: 9648 | D26: 6384 | F26: 8050.75 | G26: 6236 | H26: 6513 | I26: 4620.6667
A27: 2024-11-25 | B27: 14537 | C27: 8945 | E27: 5143 | F27: 7949.75 | G27: 5955.75 | H27: 6458.5 | I27: 4620.6667
A28: 2024-12-02 | B28: 8999 | C28: 5402 | E28: 3929 | F28: 5394 | G28: 5604.75 | H28: 6458.5 | I28: 5349
A29: 2024-12-09 | B29: 3461 | C29: 949 | D29: 6642 | E29: 4790 | F29: 4197.75 | G29: 8398.5 | H29: 5332 | I29: 6059
A30: 2024-12-16 | B30: 4802 | C30: 8527 | D30: 6275 | F30: 4443.3333 | G30: 10474.75 | H30: 6185.3333 | I30: 7964.5
A31: 2024-12-23 | B31: 4314 | C31: 7541 | E31: 7328 | F31: 3815.6667 | G31: 10210.75 | H31: 6542.3333 | I31: 5643.3333
A32: 2024-12-30 | B32: 4214 | C32: 16577 | D32: 3079 | F32: 3566.5 | G32: 11100.667 | H32: 9945.5 | I32: 5752
A33: 2025-01-06 | C33: 9254 | D33: 9202 | E33: 8601 | F33: 3281 | G33: 7995 | H33: 12123 | I33: 5752
A34: 2025-01-13 | B34: 2919 | C34: 7471 | D34: 7346 | E34: 1001 | F34: 3281 | G34: 7365.5 | H34: 13844 | I34: 7034
A35: 2025-01-20 | D35: 20155 | E35: 7654 | F35: 3643 | G35: 9941 | H35: 12262.5 | I35: 10050.5
A36: 2025-01-27 | B36: 3643 | C36: 7260 | D36: 11789 | F36: 7555.5 | G36: 8327.6667 | H36: 7546.25 | I36: 12447
A37: 2025-02-03 | D37: 16086 | E37: 12447 | F37: 13277.5 | G37: 8861.5 | H37: 6132 | I37: 13903
A38: 2025-02-10 | C38: 12622 | D38: 1020 | F38: 13277.5 | G38: 8385 | H38: 2878.6667 | I38: 10995
A39: 2025-02-17 | B39: 11468 | C39: 5101 | D39: 1290 | F39: 9849.6667 | G39: 5022.6667 | H39: 5446.3333 | I39: 8515
A40: 2025-02-24 | B40: 15087 | E40: 15359 | F40: 8791 | G40: 9898.3333 | H40: 7524.5 | I40: 8515
A41: 2025-03-03 | C41: 7432 | D41: 6326 | E41: 6631 | F41: 5643 | G41: 12730.5 | H41: 7524.5 | I41: 4791.6667
A42: 2025-03-10 | B42: 2994 | C42: 2535 | D42: 8723 | E42: 3555 | F42: 5804.6667 | G42: 11287.5 | H42: 7497.5 | I42: 3103.6667
A43: 2025-03-17 | B43: 8292 | C43: 19728 | F43: 5281.6667 | G43: 11789.25 | H43: 7295.5 | I43: 4063.3333
A44: 2025-03-24 | C44: 21227 | E44: 4189 | F44: 3776.5 | G44: 13106 | H44: 7295.5 | I44: 4063.3333
A45: 2025-03-31 | B45: 6128 | C45: 1660 | D45: 6272 | E45: 1567 | F45: 7521.6667 | G45: 10399 | H45: 7216.3333 | I45: 4000.5
A46: 2025-04-07 | B46: 1425 | C46: 4542 | D46: 8319 | E46: 6434 | F46: 8218.5 | G46: 10349.667 | H46: 10438 | I46: 6434
A47: 2025-04-14 | C47: 24995 | F47: 11485.5 | G47: 9822.3333 | H47: 11497.5 | I47: 5210
A48: 2025-04-21 | B48: 15012 | D48: 7058 | F48: 8592 | G48: 4206 | H48: 10143.667 | I48: 5210
A49: 2025-04-28 | C49: 1512 | D49: 15937 | F49: 5382 | G49: 4206 | H49: 11686.5 | I49: 5210
A50: 2025-05-05 | B50: 7959 | C50: 2960 | E50: 5210 | F50: 5382 | G50: 5553 | H50: 7436 | I50: 5210
A51: 2025-05-12 | B51: 2805 | C51: 8146 | D51: 7436 | F51: 2805 | G51: 8146 | H51: 7436 | I51: #DIV/0!

Sheet ads spend vs follower grow scat
A1: Sum of Net followers | B1: Sum of Ad_Spend
A2: 27203 | B2: 138117
A3: 23062 | B3: 150962
A4: 25931 | B4: 98040
A5: 28622 | B5: 164565
A6: 19833 | B6: 156343
A7: 18529 | B7: 111798
A8: 13885 | B8: 96330
A9: 32218 | B9: 165690
A10: 17021 | B10: 149979
A11: 14100 | B11: 137738
A12: 26686 | B12: 127141
A13: 23262 | B13: 131436
... A51: 18387 | B51: 153197

Sheet Sum of ROI
A1: Row Labels | B1: Sum of ROI
A2: Instagram | B2: 11586.754
A3: LinkedIn | B3: 16142.629
A4: Twitter | B4: 14152.261
A5: YouTube | B5: 14512.807
A6: Grand Total | B6: 56394.451

Sheet Dum of total folowers and unfol
A1: Row Labels | B1: Sum of Total_Followers | C1: Sum of Unfollows
A2: 2024-06-03 | B2: 461521 | C2: 3734
A3: 2024-06-10 | B3: 573409 | C3: 1864
A4: 2024-06-17 | B4: 668221 | C4: 3102
A5: 2024-06-24 | B5: 777791 | C5: 2808
A6: 2024-07-01 | B6: 875559 | C6: 2003
A7: 2024-07-08 | B7: 948658 | C7: 1865
A8: 2024-07-15 | B8: 1013373 | C8: 1715
A9: 2024-07-22 | B9: 1106205 | C9: 3002
A10: 2024-07-29 | B10: 1194413 | C10: 2584
A11: 2024-08-05 | B11: 1258492 | C11: 1346
A12: 2024-08-12 | B12: 1346426 | C12: 2687
A13: 2024-08-19 | B13: 1449439 | C13: 2338
... A52: Grand Total | B52: 130681544 | C52: 118790

Sheet Pivot Table
A1: Row Labels | B1: Sum of Net followers | C1: Sum of Ad_Spend
A2: 2024-06-03 | B2: 27203 | C2: 138117
A3: 2024-06-10 | B3: 23062 | C3: 150962
A4: 2024-06-17 | B4: 25931 | C4: 98040
A5: 2024-06-24 | B5: 28622 | C5: 164565
A6: 2024-07-01 | B6: 19833 | C6: 156343
A7: 2024-07-08 | B7: 18529 | C7: 111798
A8: 2024-07-15 | B8: 13885 | C8: 96330
A9: 2024-07-22 | B9: 32218 | C9: 165690
A10: 2024-07-29 | B10: 17021 | C10: 149979
A11: 2024-08-05 | B11: 14100 | C11: 137738
A12: 2024-08-12 | B12: 26686 | C12: 127141
A13: 2024-08-19 | B13: 23262 | C13: 131436
... A51: 2025-05-12 | B51: 18387 | C51: 153197
A52: (blank)
A53: Grand Total | B53: 1086398 | C53: 6926860
